{"cameraMode":{"drawMode":0,"name":"Shaded","section":"Shading Mode"},"sceneLighting":true,"audioPlay":false,"sceneViewState":{"m_AlwaysRefresh":false,"showFog":true,"showSkybox":true,"showFlares":true,"showImageEffects":true,"showParticleSystems":true,"showVisualEffectGraphs":true,"m_FxEnabled":true},"in2DMode":false,"pivot":{"x":0.3426740765571594,"y":0.029279902577400209,"z":0.03668972849845886},"rotation":{"x":0.06247219070792198,"y":0.923708975315094,"z":-0.17124785482883454,"w":0.3369724154472351},"size":0.314040869474411,"orthographic":false}